{
  "timing": {
    "loop_time_ms": {
      "mean": 1.5148680334144473,
      "std": 1.3529176734499537,
      "min": 1.042507999954978,
      "max": 70.65884500116226,
      "count": 2723,
      "percentile_99": 2.2682602807981316
    },
    "inference_time_ms": {
      "mean": 0.7100108108785559,
      "std": 1.3347643135933696,
      "min": 0.4184439985692734,
      "max": 69.49863400041068,
      "count": 2723,
      "percentile_99": 1.3332706594519552
    },
    "encoder_time_ms": {
      "mean": 0.2722883940691102,
      "std": 1.1377182032230848,
      "min": 0.1063109993992839,
      "max": 59.27896899993357,
      "count": 2723,
      "percentile_99": 0.7157897802244407
    },
    "actor_time_ms": {
      "mean": 0.18054492580532097,
      "std": 0.09502760219659125,
      "min": 0.13212100020609796,
      "max": 3.511007000270183,
      "count": 2723,
      "percentile_99": 0.40652769981534376
    },
    "comm_send_time_ms": {
      "mean": 0.6144306082963222,
      "std": 0.11799236211445564,
      "min": 0.43133899998792913,
      "max": 1.6063690000009956,
      "count": 5415,
      "percentile_99": 1.1096522989100759
    }
  },
  "control_quality": {
    "mean_error": 0.08066393033156888,
    "max_error": 0.37119340896606445,
    "per_joint_mean": [
      0.07871548605079308,
      0.0377071957202068,
      0.13710939177160442,
      0.05021207602581764,
      0.039526903384142484,
      0.13174379117078217,
      0.04524493493154109,
      0.04482589880421106,
      0.15295454447119716,
      0.07952004335163995,
      0.023185010795596765,
      0.1472218875012939
    ]
  },
  "metadata": {
    "language": "python",
    "timestamp": "2026-01-14 18:58:59",
    "total_samples": 2723
  }
}